pdb_path,chain,label,name,native
templates/1UBQ.pdb,A,1,ubiquitin,1
templates/1NDD.pdb,A,1,nedd8,0
templates/1A5R.pdb,A,1,sumo1_nmr,0
templates/2N1V.pdb,A,1,sumo1_nmr2,0
templates/1Z2M.pdb,A,1,isg15,0
templates/1WXS.pdb,A,1,ufm1,0
templates/2GOW.pdb,A,1,mub_ubl,0
templates/1J0G.pdb,A,1,ubl_mouse_9kDa,0
templates/1XO3.pdb,A,1,ubl_moad_like,0
templates/2WYQ.pdb,A,1,ubl_domain_HR23A,0
templates/1SHG.pdb,A,0,sh3_spectrin,0
templates/1SHF.pdb,A,0,sh3_fyn,0
templates/1CKA.pdb,A,0,sh3_crk,0
templates/1PKT.pdb,A,0,sh3_pi3k,0
templates/3I5R.pdb,A,0,sh3_pi3k_peptide,0
templates/4HCK.pdb,A,0,sh3_hck_nmr,0
templates/1U06.pdb,A,0,sh3_spectrin_alt,0
templates/1G2B.pdb,A,0,sh3_spectrin_mut,0
templates/1QWE.pdb,A,0,sh3_src,0
templates/1AZE.pdb,A,0,sh3_grb2,0
templates/1WYX.pdb,A,0,sh3_p130cas,0
templates/6SDF.pdb,A,0,sh3_grb2N,0
templates/1E0M.pdb,A,0,ww_prototype,0
templates/4REX.pdb,A,0,ww_yap1,0
templates/2LAY.pdb,A,0,ww_yap_phosphopep,0
templates/1JMQ.pdb,A,0,ww_yap_complex,0
templates/2JV4.pdb,A,0,ww_pina,0
templates/8PXW.pdb,A,0,ww_tandem_prpf40a,0
templates/1IHJ.pdb,A,0,pdz_inad,0
templates/1IU0.pdb,A,0,pdz_psd95_pdZ1,0
templates/3LNX.pdb,A,0,pdz_ptp1e,0
templates/2IWP.pdb,A,0,pdz_mpdz12,0
templates/6Q0U.pdb,A,0,pdz_erbin_variant,0
templates/1BE9.pdb,A,0,pdz_psd95_pdZ3_complex,0
templates/1BFE.pdb,A,0,pdz_psd95_pdZ3_apo,0
templates/1VND.pdb,A,0,homeodomain_nk2,0
templates/1HOM.pdb,A,0,homeodomain_antennaedia,0
templates/2CI2.pdb,I,0,ci2_barley,0
templates/1CIQ.pdb,A,0,ci2_fragments_complex,0
templates/7A1H.pdb,A,0,ci2_wt,0